"Page URL","Page Type","Primary Keyword","Secondary Keywords","H1","SEO Title","Meta Description","Search Intent","Market","Priority","Status","Notes"
"/","SEO Page","metallic zari yarn manufacturer India","metallic zari yarn manufacturer India supplier; metallic zari yarn manufacturer India requirements; metallic zari yarn manufacturer India for textile manufacturing; bulk metallic zari yarn manufacturer India enquiry; metallic zari yarn manufacturer India specification; metallic zari yarn manufacturer India samples","Premium Metallic Zari Yarn, Engineered in India","Metallic Zari Yarn Manufacturer &amp; Exporter India | Suvarnatantu","Suvarnatantu is an Indian manufacturer and exporter of premium metallic zari yarn for weaving, embroidery and textile manufacturing. Explore multiple deniers, TPM, twists, metallic shades and customized yarn solutions.","Commercial","India + Export","P1","Verified Run B1","Run C finalized: distinct primary ownership; secondary terms expanded without unverified commercial claims."
"/about-us/","SEO Page","Suvarnatantu yarn manufacturer","Suvarnatantu yarn manufacturer supplier; Suvarnatantu yarn manufacturer requirements; Suvarnatantu yarn manufacturer for textile manufacturing; bulk Suvarnatantu yarn manufacturer enquiry; Suvarnatantu yarn manufacturer specification; Suvarnatantu yarn manufacturer samples","Yarn &amp; Metallic Zari Manufacturing, Built for B2B Partnership","About Suvarnatantu | Yarn & Metallic Zari Manufacturing","Learn about Suvarnatantu, the B2B yarn and metallic zari manufacturing brand by Vastranand Pvt. Ltd. Connect with our team for specifications and bulk enquiries.","Navigational","India + Export","P2","Verified Run B1","Run C finalized: distinct primary ownership; secondary terms expanded without unverified commercial claims."
"/applications/decorative-textiles/","Application","metallic yarn for decorative textiles","metallic yarn for decorative textiles supplier; metallic yarn for decorative textiles requirements; metallic yarn for decorative textiles for textile manufacturing; bulk metallic yarn for decorative textiles enquiry; metallic yarn for decorative textiles specification; metallic yarn for decorative textiles samples","Metallic Yarn for Decorative Textiles","Metallic Yarn for Decorative Textiles | Suvarnatantu","Discuss metallic yarn for decorative textile development, including finish, colour and application requirements.","Commercial","India + Export","P2","Added Phase 2","Run C finalized: distinct primary ownership; secondary terms expanded without unverified commercial claims."
"/applications/embroidery/","Application","metallic yarn for embroidery","metallic yarn for embroidery supplier; metallic yarn for embroidery requirements; metallic yarn for embroidery for textile manufacturing; bulk metallic yarn for embroidery enquiry; metallic yarn for embroidery specification; metallic yarn for embroidery samples","Metallic Yarn for Embroidery","Metallic Yarn for Embroidery | Suvarnatantu","Discuss metallic yarn requirements for embroidery applications, sample evaluation and B2B textile supply with Suvarnatantu.","Commercial","India + Export","P2","Added Phase 2","Run C finalized: distinct primary ownership; secondary terms expanded without unverified commercial claims."
"/applications/jacquard/","Application","metallic yarn for jacquard weaving","metallic yarn for jacquard weaving supplier; metallic yarn for jacquard weaving requirements; metallic yarn for jacquard weaving for textile manufacturing; bulk metallic yarn for jacquard weaving enquiry; metallic yarn for jacquard weaving specification; metallic yarn for jacquard weaving samples","Metallic Yarn for Jacquard Weaving","Metallic Yarn for Jacquard Weaving | Suvarnatantu","Discuss metallic yarn for jacquard weaving with Suvarnatantu, including textile construction, visual effect and B2B samples.","Commercial","India + Export","P2","Added Phase 2","Run C finalized: distinct primary ownership; secondary terms expanded without unverified commercial claims."
"/applications/saree-weaving/","SEO Page","zari yarn for saree weaving","zari yarn for saree weaving supplier; zari yarn for saree weaving requirements; zari yarn for saree weaving for textile manufacturing; bulk zari yarn for saree weaving enquiry; zari yarn for saree weaving specification; zari yarn for saree weaving samples","Zari Yarn for Saree Weaving","Zari Yarn for Saree Weaving | Suvarnatantu","Discuss metallic zari yarn for saree weaving with Suvarnatantu, including weave context, visual outcome and B2B sample requirements.","Commercial","India + Export","P2","Verified Run B1","Run C finalized: distinct primary ownership; secondary terms expanded without unverified commercial claims."
"/applications/weaving/","SEO Page","metallic yarn for weaving","metallic yarn for weaving supplier; metallic yarn for weaving requirements; metallic yarn for weaving for textile manufacturing; bulk metallic yarn for weaving enquiry; metallic yarn for weaving specification; metallic yarn for weaving samples","Metallic Yarn for Weaving","Metallic Yarn for Weaving | Suvarnatantu","Discuss metallic yarn for weaving with Suvarnatantu, including application context, denier, TPM, twist, finish and bulk requirements.","Commercial","India + Export","P2","Verified Run B1","Run C finalized: distinct primary ownership; secondary terms expanded without unverified commercial claims."
"/blog/","Blog","textile yarn knowledge blog","textile yarn knowledge blog supplier; textile yarn knowledge blog requirements; textile yarn knowledge blog for textile manufacturing; bulk textile yarn knowledge blog enquiry; textile yarn knowledge blog specification; textile yarn knowledge blog samples","Threads of<br>Knowledge","Zari &amp; Yarn Insights | Suvarnatantu Blog","Explore Suvarnatantu insights on metallic zari yarn, TPM, yarn technology, textile applications, manufacturing, product development and B2B textile supply.","Informational","Global Informational","P3","Added Phase 2","Run C finalized: distinct primary ownership; secondary terms expanded without unverified commercial claims."
"/contact/","SEO Page","contact Suvarnatantu","contact Suvarnatantu supplier; contact Suvarnatantu requirements; contact Suvarnatantu for textile manufacturing; bulk contact Suvarnatantu enquiry; contact Suvarnatantu specification; contact Suvarnatantu samples","Let’s Discuss Your Textile Requirement","Contact Suvarnatantu | Yarn & Metallic Zari Manufacturing","Contact Suvarnatantu for B2B metallic zari and yarn requirements, samples and commercial enquiries.","Transactional","India + Export","P1","Verified Run B1","Run C finalized: distinct primary ownership; secondary terms expanded without unverified commercial claims."
"/exports/","SEO Page","international textile yarn supply","international textile yarn supply supplier; international textile yarn supply requirements; international textile yarn supply for textile manufacturing; bulk international textile yarn supply enquiry; international textile yarn supply specification; international textile yarn supply samples","Manufactured in India. Engineered for Global Textile Supply.","International Textile Yarn Supply | Suvarnatantu","Suvarnatantu supports international B2B textile enquiries from India with specification communication, bulk order discussion and export packing coordination.","Export Commercial","Export","P1","Verified Run B1","Run C finalized: distinct primary ownership; secondary terms expanded without unverified commercial claims."
"/exports/export-packaging/","Export Commercial","export packaging for yarn supply","export packaging for yarn supply supplier; export packaging for yarn supply requirements; export packaging for yarn supply for textile manufacturing; bulk export packaging for yarn supply enquiry; export packaging for yarn supply specification; export packaging for yarn supply samples","Export Packaging for Yarn Supply","Export Packaging for Yarn | Suvarnatantu","Discuss yarn export packing, product identification and buyer documentation requirements with Suvarnatantu.","Export Commercial","Export","P2","Added Phase 2","Run C finalized: distinct primary ownership; secondary terms expanded without unverified commercial claims."
"/exports/international-bulk-orders/","Export Commercial","international bulk yarn orders","international bulk yarn orders supplier; international bulk yarn orders requirements; international bulk yarn orders for textile manufacturing; bulk international bulk yarn orders enquiry; international bulk yarn orders specification; international bulk yarn orders samples","International Bulk Yarn Orders","International Bulk Yarn Orders | Suvarnatantu","Discuss international bulk yarn orders, specifications, samples, packing and commercial requirements with Suvarnatantu.","Export Commercial","Export","P2","Added Phase 2","Run C finalized: distinct primary ownership; secondary terms expanded without unverified commercial claims."
"/exports/metallic-yarn-exporter-india/","SEO Page","metallic yarn exporter India","metallic yarn exporter India supplier; metallic yarn exporter India requirements; metallic yarn exporter India for textile manufacturing; bulk metallic yarn exporter India enquiry; metallic yarn exporter India specification; metallic yarn exporter India samples","Metallic Yarn Exporter from India","Metallic Yarn Exporter India | Suvarnatantu","Send an international B2B enquiry for metallic yarn from India, including specifications, samples and packing requirements.","Export Commercial","Export","P2","Verified Run B1","Run C finalized: distinct primary ownership; secondary terms expanded without unverified commercial claims."
"/exports/zari-yarn-exporter-india/","Export Commercial","zari yarn exporter India","zari yarn exporter India supplier; zari yarn exporter India requirements; zari yarn exporter India for textile manufacturing; bulk zari yarn exporter India enquiry; zari yarn exporter India specification; zari yarn exporter India samples","Zari Yarn Exporter from India","Zari Yarn Exporter India | Suvarnatantu","Discuss metallic zari yarn sourcing from India for international B2B textile requirements.","Export Commercial","Export","P2","Added Phase 2","Run C finalized: distinct primary ownership; secondary terms expanded without unverified commercial claims."
"/industries/","SEO Page","textile yarn solutions for manufacturers","textile yarn solutions for manufacturers supplier; textile yarn solutions for manufacturers requirements; textile yarn solutions for manufacturers for textile manufacturing; bulk textile yarn solutions for manufacturers enquiry; textile yarn solutions for manufacturers specification; textile yarn solutions for manufacturers samples","Yarn &amp; Metallic Zari Solutions for Textile Businesses","Yarn & Metallic Zari Solutions for Textile Businesses | Suvarnatantu","Explore B2B yarn and metallic zari discussions for textile manufacturers, weaving units, wholesalers, importers and export houses.","Commercial","India + Export","P2","Verified Run B1","Run C finalized: distinct primary ownership; secondary terms expanded without unverified commercial claims."
"/industries/distributors/","Industry / Buyer","metallic yarn supplier for distributors","metallic yarn supplier for distributors supplier; metallic yarn supplier for distributors requirements; metallic yarn supplier for distributors for textile manufacturing; bulk metallic yarn supplier for distributors enquiry; metallic yarn supplier for distributors specification; metallic yarn supplier for distributors samples","Metallic Yarn Supplier for Distributors","Metallic Yarn Supplier for Distributors | Suvarnatantu","Discuss product range, documentation, technical communication and repeat sourcing with a B2B metallic yarn supplier.","Commercial","India + Export","P2","Added Phase 2","Run C finalized: distinct primary ownership; secondary terms expanded without unverified commercial claims."
"/industries/embroidery-manufacturers/","Industry / Buyer","metallic yarn supplier for embroidery manufacturers","metallic yarn supplier for embroidery manufacturers supplier; metallic yarn supplier for embroidery manufacturers requirements; metallic yarn supplier for embroidery manufacturers for textile manufacturing; bulk metallic yarn supplier for embroidery manufacturers enquiry; metallic yarn supplier for embroidery manufacturers specification; metallic yarn supplier for embroidery manufacturers samples","Metallic Yarn Supplier for Embroidery Manufacturers","Metallic Yarn for Embroidery Manufacturers | Suvarnatantu","Discuss metallic yarn sourcing for embroidery manufacturers, including colour, finish, specification and repeat requirements.","Commercial","India + Export","P2","Added Phase 2","Run C finalized: distinct primary ownership; secondary terms expanded without unverified commercial claims."
"/industries/export-houses/","Industry / Buyer","yarn supplier for export houses","yarn supplier for export houses supplier; yarn supplier for export houses requirements; yarn supplier for export houses for textile manufacturing; bulk yarn supplier for export houses enquiry; yarn supplier for export houses specification; yarn supplier for export houses samples","Yarn Supplier for Export Houses","Yarn Supplier for Export Houses | Suvarnatantu","Discuss manufacturing coordination, specification control, packing and repeat yarn supply for export houses.","Export Commercial","Export","P2","Added Phase 2","Run C finalized: distinct primary ownership; secondary terms expanded without unverified commercial claims."
"/industries/importers/","Industry / Buyer","metallic yarn supplier for importers","metallic yarn supplier for importers supplier; metallic yarn supplier for importers requirements; metallic yarn supplier for importers for textile manufacturing; bulk metallic yarn supplier for importers enquiry; metallic yarn supplier for importers specification; metallic yarn supplier for importers samples","Metallic Yarn Supplier for Importers","Metallic Yarn Supplier for Importers | Suvarnatantu","Source metallic yarn from India with specification communication, export packing discussion, samples and bulk enquiries.","Export Commercial","Export","P2","Added Phase 2","Run C finalized: distinct primary ownership; secondary terms expanded without unverified commercial claims."
"/industries/saree-manufacturers/","Industry / Buyer","zari yarn supplier for saree manufacturers","zari yarn supplier for saree manufacturers supplier; zari yarn supplier for saree manufacturers requirements; zari yarn supplier for saree manufacturers for textile manufacturing; bulk zari yarn supplier for saree manufacturers enquiry; zari yarn supplier for saree manufacturers specification; zari yarn supplier for saree manufacturers samples","Zari Yarn Supplier for Saree Manufacturers","Zari Yarn Supplier for Saree Manufacturers | Suvarnatantu","Discuss metallic zari for professional saree weaving requirements, including colour, finish, twist and sample evaluation.","Commercial","India + Export","P2","Added Phase 2","Run C finalized: distinct primary ownership; secondary terms expanded without unverified commercial claims."
"/industries/textile-manufacturers/","SEO Page","yarn supplier for textile manufacturers","yarn supplier for textile manufacturers supplier; yarn supplier for textile manufacturers requirements; yarn supplier for textile manufacturers for textile manufacturing; bulk yarn supplier for textile manufacturers enquiry; yarn supplier for textile manufacturers specification; yarn supplier for textile manufacturers samples","Yarn Supplier for Textile Manufacturers","Yarn Supplier for Textile Manufacturers | Suvarnatantu","Discuss specification-led yarn supply, sampling and bulk textile manufacturing requirements with Suvarnatantu.","Commercial","India + Export","P2","Verified Run B1","Run C finalized: distinct primary ownership; secondary terms expanded without unverified commercial claims."
"/industries/weaving-units/","Industry / Buyer","yarn supplier for weaving units","yarn supplier for weaving units supplier; yarn supplier for weaving units requirements; yarn supplier for weaving units for textile manufacturing; bulk yarn supplier for weaving units enquiry; yarn supplier for weaving units specification; yarn supplier for weaving units samples","Yarn Supplier for Weaving Units","Yarn Supplier for Weaving Units | Suvarnatantu","Discuss metallic and twisted yarn requirements for weaving units, including denier, TPM, twist, colour and finish.","Commercial","India + Export","P2","Added Phase 2","Run C finalized: distinct primary ownership; secondary terms expanded without unverified commercial claims."
"/industries/yarn-wholesalers/","Industry / Buyer","metallic yarn wholesale supplier","metallic yarn wholesale supplier supplier; metallic yarn wholesale supplier requirements; metallic yarn wholesale supplier for textile manufacturing; bulk metallic yarn wholesale supplier enquiry; metallic yarn wholesale supplier specification; metallic yarn wholesale supplier samples","Metallic Yarn Wholesale Supplier","Metallic Yarn Wholesale Supplier | Suvarnatantu","Discuss B2B metallic yarn wholesale supply, product families, samples, packing and repeat commercial requirements.","Commercial","India + Export","P2","Added Phase 2","Run C finalized: distinct primary ownership; secondary terms expanded without unverified commercial claims."
"/manufacturing/","SEO Page","yarn manufacturing company India","yarn manufacturing company India supplier; yarn manufacturing company India requirements; yarn manufacturing company India for textile manufacturing; bulk yarn manufacturing company India enquiry; yarn manufacturing company India specification; yarn manufacturing company India samples","Manufacturing Conversations Built Around Control and Clarity","Yarn Manufacturing Process | Suvarnatantu","Learn how Suvarnatantu approaches production, specification communication, quality review and buyer-ready packing for B2B yarn supply.","Commercial","India + Export","P1","Verified Run B1","Run C finalized: distinct primary ownership; secondary terms expanded without unverified commercial claims."
"/manufacturing/infrastructure/","Manufacturing","manufacturing infrastructure for professional yarn supply","manufacturing infrastructure for professional yarn supply supplier; manufacturing infrastructure for professional yarn supply requirements; manufacturing infrastructure for professional yarn supply for textile manufacturing; bulk manufacturing infrastructure for professional yarn supply enquiry; manufacturing infrastructure for professional yarn supply specification; manufacturing infrastructure for professional yarn supply samples","Manufacturing Infrastructure for Professional Yarn Supply","Yarn Manufacturing Infrastructure | Suvarnatantu","Explore Suvarnatantu’s professional manufacturing environment for yarn handling, production workflow and B2B supply discussion.","Commercial","India","P2","Added Phase 2","Run C finalized: distinct primary ownership; secondary terms expanded without unverified commercial claims."
"/manufacturing/laboratory/","Manufacturing","quality inspection and specification verification","quality inspection and specification verification supplier; quality inspection and specification verification requirements; quality inspection and specification verification for textile manufacturing; bulk quality inspection and specification verification enquiry; quality inspection and specification verification specification; quality inspection and specification verification samples","Quality Inspection and Specification Verification","Yarn Quality Laboratory | Suvarnatantu","Learn how Suvarnatantu approaches quality inspection and specification verification for B2B yarn requirements.","Commercial","India","P2","Added Phase 2","Run C finalized: distinct primary ownership; secondary terms expanded without unverified commercial claims."
"/manufacturing/packaging-dispatch/","Manufacturing","packaging and dispatch for b2b yarn supply","packaging and dispatch for b2b yarn supply supplier; packaging and dispatch for b2b yarn supply requirements; packaging and dispatch for b2b yarn supply for textile manufacturing; bulk packaging and dispatch for b2b yarn supply enquiry; packaging and dispatch for b2b yarn supply specification; packaging and dispatch for b2b yarn supply samples","Packaging and Dispatch for B2B Yarn Supply","Yarn Packaging & Dispatch | Suvarnatantu","Discuss yarn packing requirements and buyer-ready dispatch communication for B2B textile supply with Suvarnatantu.","Commercial","India","P3","Added Phase 2","Run C finalized: distinct primary ownership; secondary terms expanded without unverified commercial claims."
"/manufacturing/production-process/","Manufacturing","a controlled approach to yarn production","a controlled approach to yarn production supplier; a controlled approach to yarn production requirements; a controlled approach to yarn production for textile manufacturing; bulk a controlled approach to yarn production enquiry; a controlled approach to yarn production specification; a controlled approach to yarn production samples","A Controlled Approach to Yarn Production","Yarn Production Process | Suvarnatantu","Explore Suvarnatantu’s manufacturing-led approach to material preparation, process discussion and buyer-ready yarn supply.","Commercial","India","P3","Added Phase 2","Run C finalized: distinct primary ownership; secondary terms expanded without unverified commercial claims."
"/manufacturing/quality-control/","Manufacturing","quality discussion that supports clear b2b supply","quality discussion that supports clear b2b supply supplier; quality discussion that supports clear b2b supply requirements; quality discussion that supports clear b2b supply for textile manufacturing; bulk quality discussion that supports clear b2b supply enquiry; quality discussion that supports clear b2b supply specification; quality discussion that supports clear b2b supply samples","Quality Discussion That Supports Clear B2B Supply","Yarn Quality Control | Suvarnatantu","Learn how Suvarnatantu frames product identity, appearance, lot status and specification communication for B2B yarn quality discussions.","Commercial","India","P2","Added Phase 2","Run C finalized: distinct primary ownership; secondary terms expanded without unverified commercial claims."
"/products/","SEO Page","textile yarn products manufacturer","textile yarn products manufacturer supplier; textile yarn products manufacturer requirements; textile yarn products manufacturer for textile manufacturing; bulk textile yarn products manufacturer enquiry; textile yarn products manufacturer specification; textile yarn products manufacturer samples","Yarn Solutions for Modern Textile Manufacturing","Yarn & Metallic Zari Products | Suvarnatantu","Explore Suvarnatantu product families: metallic zari, filament yarn, twisted yarn and specialty yarn for B2B textile applications.","Commercial","India + Export","P1","Verified Run B1","Run C finalized: distinct primary ownership; secondary terms expanded without unverified commercial claims."
"/products/filament-yarn/","SEO Page","filament yarn manufacturer India","filament yarn manufacturer India supplier; filament yarn manufacturer India requirements; filament yarn manufacturer India for textile manufacturing; bulk filament yarn manufacturer India enquiry; filament yarn manufacturer India specification; filament yarn manufacturer India samples","Filament Yarn for Application-Led Textile Requirements","Filament Yarn for Textile Manufacturing | Suvarnatantu","Explore polyester, nylon and specialty filament yarn requirements for B2B textile manufacturing. Discuss specifications and samples with Suvarnatantu.","Commercial","India + Export","P1","Verified Run B1","Run C finalized: distinct primary ownership; secondary terms expanded without unverified commercial claims."
"/products/filament-yarn/nylon-filament-yarn/","Product Variant","nylon filament yarn","nylon filament yarn supplier; nylon filament yarn requirements; nylon filament yarn for textile manufacturing; bulk nylon filament yarn enquiry; nylon filament yarn specification; nylon filament yarn samples","Nylon Filament Yarn","Nylon Filament Yarn | Suvarnatantu","Discuss nylon filament yarn requirements for B2B textile applications with Suvarnatantu.","Commercial","India + Export","P2","Added Phase 2","Run C finalized: distinct primary ownership; secondary terms expanded without unverified commercial claims."
"/products/filament-yarn/polyester-filament-yarn/","Product Variant","polyester filament yarn","polyester filament yarn supplier; polyester filament yarn requirements; polyester filament yarn for textile manufacturing; bulk polyester filament yarn enquiry; polyester filament yarn specification; polyester filament yarn samples","Polyester Filament Yarn","Polyester Filament Yarn | Suvarnatantu","Discuss polyester filament yarn requirements for B2B textile applications with Suvarnatantu.","Commercial","India + Export","P2","Added Phase 2","Run C finalized: distinct primary ownership; secondary terms expanded without unverified commercial claims."
"/products/filament-yarn/specialty-filament-yarn/","Product Variant","specialty filament yarn","specialty filament yarn supplier; specialty filament yarn requirements; specialty filament yarn for textile manufacturing; bulk specialty filament yarn enquiry; specialty filament yarn specification; specialty filament yarn samples","Specialty Filament Yarn","Specialty Filament Yarn | Suvarnatantu","Explore specialty filament yarn discussions for application-specific textile requirements with Suvarnatantu.","Commercial","India + Export","P2","Added Phase 2","Run C finalized: distinct primary ownership; secondary terms expanded without unverified commercial claims."
"/products/metallic-zari/","SEO Page","metallic zari yarn manufacturer","metallic zari yarn manufacturer supplier; metallic zari yarn manufacturer requirements; metallic zari yarn manufacturer for textile manufacturing; bulk metallic zari yarn manufacturer enquiry; metallic zari yarn manufacturer specification; metallic zari yarn manufacturer samples","Metallic Zari Yarn for Textile Manufacturing","Metallic Zari Yarn Manufacturer India | Suvarnatantu","Explore metallic zari yarn for weaving, saree weaving, jacquard and embroidery. Discuss colour, finish and B2B specifications with Suvarnatantu.","Commercial","India + Export","P1","Verified Run B1","Run C finalized: distinct primary ownership; secondary terms expanded without unverified commercial claims."
"/products/metallic-zari/coloured-metallic-zari/","Product Variant","coloured metallic zari yarn","coloured metallic zari yarn supplier; coloured metallic zari yarn requirements; coloured metallic zari yarn for textile manufacturing; bulk coloured metallic zari yarn enquiry; coloured metallic zari yarn specification; coloured metallic zari yarn samples","Coloured Metallic Zari Yarn","Coloured Metallic Zari Yarn | Suvarnatantu","Discuss coloured metallic zari yarn requirements, application context and sampling with Suvarnatantu.","Commercial","India + Export","P2","Added Phase 2","Run C finalized: distinct primary ownership; secondary terms expanded without unverified commercial claims."
"/products/metallic-zari/copper-metallic-zari/","Product Variant","copper metallic zari yarn","copper metallic zari yarn supplier; copper metallic zari yarn requirements; copper metallic zari yarn for textile manufacturing; bulk copper metallic zari yarn enquiry; copper metallic zari yarn specification; copper metallic zari yarn samples","Copper Metallic Zari Yarn","Copper Metallic Zari Yarn | Suvarnatantu","Explore copper metallic zari yarn for application-led B2B textile requirements with Suvarnatantu.","Commercial","India + Export","P2","Added Phase 2","Run C finalized: distinct primary ownership; secondary terms expanded without unverified commercial claims."
"/products/metallic-zari/gold-metallic-zari/","SEO Page","gold metallic zari yarn","gold metallic zari yarn supplier; gold metallic zari yarn requirements; gold metallic zari yarn for textile manufacturing; bulk gold metallic zari yarn enquiry; gold metallic zari yarn specification; gold metallic zari yarn samples","Gold Metallic Zari Yarn","Gold Metallic Zari Yarn | Suvarnatantu","Discuss gold metallic zari yarn for weaving, saree textiles and embroidery with Suvarnatantu’s B2B manufacturing team.","Commercial","India + Export","P1","Verified Run B1","Run C finalized: distinct primary ownership; secondary terms expanded without unverified commercial claims."
"/products/metallic-zari/rose-gold-metallic-zari/","Product Variant","rose gold metallic zari yarn","rose gold metallic zari yarn supplier; rose gold metallic zari yarn requirements; rose gold metallic zari yarn for textile manufacturing; bulk rose gold metallic zari yarn enquiry; rose gold metallic zari yarn specification; rose gold metallic zari yarn samples","Rose Gold Metallic Zari Yarn","Rose Gold Metallic Zari Yarn | Suvarnatantu","Discuss rose gold metallic zari yarn for decorative, fashion and textile manufacturing applications with Suvarnatantu.","Commercial","India + Export","P2","Added Phase 2","Run C finalized: distinct primary ownership; secondary terms expanded without unverified commercial claims."
"/products/metallic-zari/silver-metallic-zari/","SEO Page","silver metallic zari yarn","silver metallic zari yarn supplier; silver metallic zari yarn requirements; silver metallic zari yarn for textile manufacturing; bulk silver metallic zari yarn enquiry; silver metallic zari yarn specification; silver metallic zari yarn samples","Silver Metallic Zari Yarn","Silver Metallic Zari Yarn | Suvarnatantu","Discuss silver metallic zari yarn specifications for B2B weaving, embroidery and textile manufacturing requirements.","Commercial","India + Export","P1","Verified Run B1","Run C finalized: distinct primary ownership; secondary terms expanded without unverified commercial claims."
"/products/metallic-zari/special-finish-metallic-zari/","Product Variant","special finish metallic zari","special finish metallic zari supplier; special finish metallic zari requirements; special finish metallic zari for textile manufacturing; bulk special finish metallic zari enquiry; special finish metallic zari specification; special finish metallic zari samples","Special Finish Metallic Zari","Special Finish Metallic Zari | Suvarnatantu","Discuss special-finish metallic zari requirements with Suvarnatantu for application-led textile development.","Commercial","India + Export","P2","Added Phase 2","Run C finalized: distinct primary ownership; secondary terms expanded without unverified commercial claims."
"/products/specialty-yarn/","Product Variant","specialty yarn for defined textile requirements","specialty yarn for defined textile requirements supplier; specialty yarn for defined textile requirements requirements; specialty yarn for defined textile requirements for textile manufacturing; bulk specialty yarn for defined textile requirements enquiry; specialty yarn for defined textile requirements specification; specialty yarn for defined textile requirements samples","Specialty Yarn for Defined Textile Requirements","Specialty Yarn Development | Suvarnatantu","Explore application-specific, decorative and custom-developed specialty yarn requirements with Suvarnatantu.","Commercial","India + Export","P2","Added Phase 2","Run C finalized: distinct primary ownership; secondary terms expanded without unverified commercial claims."
"/products/twisted-yarn/","SEO Page","twisted yarn manufacturer","twisted yarn manufacturer supplier; twisted yarn manufacturer requirements; twisted yarn manufacturer for textile manufacturing; bulk twisted yarn manufacturer enquiry; twisted yarn manufacturer specification; twisted yarn manufacturer samples","Twisted Yarn with Clear TPM and Twist Discussion","Twisted Yarn Manufacturer | Suvarnatantu","Discuss S-twist, Z-twist and custom TPM yarn requirements for textile manufacturing with Suvarnatantu.","Commercial","India + Export","P1","Verified Run B1","Run C finalized: distinct primary ownership; secondary terms expanded without unverified commercial claims."
"/products/twisted-yarn/custom-tpm-yarn/","Product Variant","custom tpm yarn","custom tpm yarn supplier; custom tpm yarn requirements; custom tpm yarn for textile manufacturing; bulk custom tpm yarn enquiry; custom tpm yarn specification; custom tpm yarn samples","Custom TPM Yarn","Custom TPM Yarn | Suvarnatantu","Discuss custom TPM yarn requirements, twist direction and textile application context with Suvarnatantu.","Commercial","India + Export","P2","Added Phase 2","Run C finalized: distinct primary ownership; secondary terms expanded without unverified commercial claims."
"/products/twisted-yarn/s-twist-yarn/","Product Variant","stwist yarn","stwist yarn supplier; stwist yarn requirements; stwist yarn for textile manufacturing; bulk stwist yarn enquiry; stwist yarn specification; stwist yarn samples","S-Twist Yarn","S-Twist Yarn Manufacturer | Suvarnatantu","Discuss S-twist yarn requirements, TPM context and textile applications with Suvarnatantu.","Commercial","India + Export","P2","Added Phase 2","Run C finalized: distinct primary ownership; secondary terms expanded without unverified commercial claims."
"/products/twisted-yarn/z-twist-yarn/","Product Variant","ztwist yarn","ztwist yarn supplier; ztwist yarn requirements; ztwist yarn for textile manufacturing; bulk ztwist yarn enquiry; ztwist yarn specification; ztwist yarn samples","Z-Twist Yarn","Z-Twist Yarn Manufacturer | Suvarnatantu","Discuss Z-twist yarn requirements, TPM context and textile applications with Suvarnatantu.","Commercial","India + Export","P2","Added Phase 2","Run C finalized: distinct primary ownership; secondary terms expanded without unverified commercial claims."
"/request-quote/","SEO Page","request yarn quotation","request yarn quotation supplier; request yarn quotation requirements; request yarn quotation for textile manufacturing; bulk request yarn quotation enquiry; request yarn quotation specification; request yarn quotation samples","Request a Quote","Request a B2B Yarn Quote | Suvarnatantu","Request a B2B quotation for metallic zari, filament, twisted or specialty yarn. Share known specifications or ask to discuss with the manufacturing team.","Transactional","India + Export","P1","Verified Run B1","Run C finalized: distinct primary ownership; secondary terms expanded without unverified commercial claims."
"/request-samples/","SEO Page","request yarn samples","request yarn samples supplier; request yarn samples requirements; request yarn samples for textile manufacturing; bulk request yarn samples enquiry; request yarn samples specification; request yarn samples samples","Request Samples","Request Yarn Samples | Suvarnatantu","Request metallic zari and yarn samples for a professional B2B product evaluation with Suvarnatantu.","Transactional","India + Export","P1","Verified Run B1","Run C finalized: distinct primary ownership; secondary terms expanded without unverified commercial claims."
"/specifications/","SEO Page","yarn specifications guide","yarn specifications guide supplier; yarn specifications guide requirements; yarn specifications guide for textile manufacturing; bulk yarn specifications guide enquiry; yarn specifications guide specification; yarn specifications guide samples","Yarn Specification Guides","Yarn Specifications Guides | Suvarnatantu","Technical guides for yarn denier, TPM, twist direction and custom yarn specifications.","Informational","Global Informational","P3","Verified Run B1","Run C finalized: distinct primary ownership; secondary terms expanded without unverified commercial claims."
"/specifications/custom-yarn-specifications/","Technical Guide","custom yarn specifications","custom yarn specifications supplier; custom yarn specifications requirements; custom yarn specifications for textile manufacturing; bulk custom yarn specifications enquiry; custom yarn specifications specification; custom yarn specifications samples","Custom Yarn Specifications","Custom Yarn Specifications | Suvarnatantu","Discuss denier, TPM, twist, colour, finish, packing and application requirements for custom yarn development.","Informational","Global Informational","P3","Added Phase 2","Run C finalized: distinct primary ownership; secondary terms expanded without unverified commercial claims."
"/specifications/s-twist-vs-z-twist/","Technical Guide","stwist vs ztwist yarn","stwist vs ztwist yarn supplier; stwist vs ztwist yarn requirements; stwist vs ztwist yarn for textile manufacturing; bulk stwist vs ztwist yarn enquiry; stwist vs ztwist yarn specification; stwist vs ztwist yarn samples","S-Twist vs Z-Twist Yarn","S-Twist vs Z-Twist Yarn | Suvarnatantu","Understand S-twist and Z-twist yarn terminology for textile specification discussions.","Informational","Global Informational","P3","Added Phase 2","Run C finalized: distinct primary ownership; secondary terms expanded without unverified commercial claims."
"/specifications/yarn-denier-guide/","Technical Guide","yarn denier guide","yarn denier guide supplier; yarn denier guide requirements; yarn denier guide for textile manufacturing; bulk yarn denier guide enquiry; yarn denier guide specification; yarn denier guide samples","Yarn Denier Guide","Yarn Denier Guide | Suvarnatantu","Understand yarn denier, its relationship to linear mass and why it matters in B2B yarn specification discussions.","Informational","Global Informational","P3","Added Phase 2","Run C finalized: distinct primary ownership; secondary terms expanded without unverified commercial claims."
"/specifications/yarn-tpm-guide/","SEO Page","yarn TPM meaning","yarn TPM meaning supplier; yarn TPM meaning requirements; yarn TPM meaning for textile manufacturing; bulk yarn TPM meaning enquiry; yarn TPM meaning specification; yarn TPM meaning samples","What Does TPM Mean in a Yarn Specification?","Yarn TPM Guide | Suvarnatantu","A practical introduction to TPM in yarn specifications and the questions B2B buyers should discuss for textile applications.","Informational","Global Informational","P3","Verified Run B1","Run C finalized: distinct primary ownership; secondary terms expanded without unverified commercial claims."
